category;matching_phrase
Italian;Italian
Bars;Bars
Acai Bowls;Acai Bowls
Fashion;Fashion
Accountants;Accountants
Acne Treatment;Acne Treatment
Acupuncture;Acupuncture
Doctors;Doctors
Adult;Adult
Adult Education;Adult Education
Adult Entertainment;Adult Entertainment
Advertising;Advertising
Fitness & Instruction;Fitness & Instruction
Tours;Tours
Medical Spas;Medical Spas
Afghan;Afghan
African;African
Afro-Brazilian;Afro-Brazilian
Hotels;Hotels
Aircraft Dealers;Aircraft Dealers
Transportation;Transportation
Airports;Airports
Portuguese;Portuguese
French;French
Alternative Medicine;Alternative Medicine
Amusement Parks;Amusement Parks
Andalusian;Andalusian
Animal Assisted Therapy;Animal Assisted Therapy
Pet Services;Pet Services
Animal Shelters;Animal Shelters
Antiques;Antiques
Real Estate;Real Estate
Home & Garden;Home & Garden
Appraisal Services;Appraisal Services
Aquariums;Aquariums
Arabian;Arabian
Arcades;Arcades
Archery;Archery
Architects;Architects
Argentine;Argentine
Armenian;Armenian
Spanish;Spanish
Art Classes;Art Classes
Art Consultants;Art Consultants
Art Installation;Art Installation
Museums;Museums
Art Restoration;Art Restoration
Arts & Crafts;Arts & Crafts
Specialty Schools;Specialty Schools
Asian Fusion;Asian Fusion
Assisted Living Facilities;Assisted Living Facilities
Supernatural Readings;Supernatural Readings
Asturian;Asturian
Farms;Farms
ATV Rentals/Tours;ATV Rentals/Tours
Auction Houses;Auction Houses
Party Equipment Rentals;Party Equipment Rentals
Australian;Australian
Austrian;Austrian
Auto Detailing;Auto Detailing
Auto Customization;Auto Customization
Car Inspectors;Car Inspectors
Auto Electric Services;Auto Electric Services
Auto Glass Services;Auto Glass Services
Insurance;Insurance
Auto Parts & Supplies;Auto Parts & Supplies
Auto Repair;Auto Repair
Auto Security;Auto Security
Axe Throwing;Axe Throwing
Ayurveda;Ayurveda
Baby Gear & Furniture;Baby Gear & Furniture
Plumbing;Plumbing
German;German
Badminton;Badminton
Bagels;Bagels
Baguettes;Baguettes
Bakeries;Bakeries
Balloon Services;Balloon Services
Bangladeshi;Bangladeshi
Lawyers;Lawyers
Banks & Credit Unions;Banks & Credit Unions
Barbers;Barbers
Bar Crawl;Bar Crawl
Bartenders;Bartenders
Baseball Fields;Baseball Fields
Basketball Courts;Basketball Courts
Basque;Basque
Bathing Area;Bathing Area
Batting Cages;Batting Cages
Bavarian;Bavarian
Barbeque;Barbeque
Beach Equipment Rentals;Beach Equipment Rentals
Beaches;Beaches
Beach Volleyball;Beach Volleyball
Bed & Breakfast;Bed & Breakfast
Beer, Wine & Spirits;Beer, Wine & Spirits
Beer Garden;Beer Garden
Beer Hall;Beer Hall
Behavior Analysts;Behavior Analysts
Beisl;Beisl
Belgian;Belgian
Bento;Bento
Bespoke Clothing;Bespoke Clothing
Betting Centers;Betting Centers
Beverage Store;Beverage Store
Bicycle Paths;Bicycle Paths
Bike Parking;Bike Parking
Bike Rentals;Bike Rentals
Bike Repair;Bike Repair
Sporting Goods;Sporting Goods
Bike Shop;Bike Shop
Billing Services;Billing Services
Bingo Halls;Bingo Halls
Pet Stores;Pet Stores
Bistros;Bistros
Black Sea;Black Sea
Blood & Plasma Donation Centers;Blood & Plasma Donation Centers
Japanese;Japanese
Hair Salons;Hair Salons
Boating;Boating
Boat Parts & Supplies;Boat Parts & Supplies
Boat Repair;Boat Repair
Bobsledding;Bobsledding
Bocce Ball;Bocce Ball
Body Contouring;Body Contouring
Body Shops;Body Shops
Bookbinding;Bookbinding
Bookkeepers;Bookkeepers
Books, Mags, Music & Video;Books, Mags, Music & Video
Photographers;Photographers
Bowling;Bowling
Brasseries;Brasseries
Brazilian;Brazilian
Breakfast & Brunch;Breakfast & Brunch
Breweries;Breweries
Brewing Supplies;Brewing Supplies
Bridal;Bridal
British;British
Bubble Soccer;Bubble Soccer
Bubble Tea;Bubble Tea
Buddhist Temples;Buddhist Temples
Buffets;Buffets
Building Supplies;Building Supplies
Bulgarian;Bulgarian
Medical Centers;Medical Centers
Bungee Jumping;Bungee Jumping
Burgers;Burgers
Burmese;Burmese
Business Consulting;Business Consulting
Business Financing;Business Financing
Butcher;Butcher
Counseling & Mental Health;Counseling & Mental Health
Cabaret;Cabaret
Cabinetry;Cabinetry
Cafes;Cafes
Cafeteria;Cafeteria
Cajun/Creole;Cajun/Creole
Patisserie/Cake Shop;Patisserie/Cake Shop
Calligraphy;Calligraphy
Cambodian;Cambodian
Campgrounds;Campgrounds
Specialty Food;Specialty Food
Cannabis Clinics;Cannabis Clinics
Cannabis Collective;Cannabis Collective
Cannabis Dispensaries;Cannabis Dispensaries
Medical Cannabis Referrals;Medical Cannabis Referrals
Canteen;Canteen
Chinese;Chinese
Canyoneering;Canyoneering
Car Dealers;Car Dealers
Car Brokers;Car Brokers
Car Buyers;Car Buyers
Career Counseling;Career Counseling
Caribbean;Caribbean
Caricatures;Caricatures
Carousels;Carousels
Carpenters;Carpenters
Car Rental;Car Rental
Car Share Services;Car Share Services
Car Wash;Car Wash
Casinos;Casinos
Castles;Castles
Catalan;Catalan
Caterers;Caterers
Mobile Phone Accessories;Mobile Phone Accessories
Challenge Courses;Challenge Courses
Turkish;Turkish
Cheesesteaks;Cheesesteaks
Tasting Classes;Tasting Classes
Chicken Wings;Chicken Wings
Chicken Shop;Chicken Shop
Child Care & Day Care;Child Care & Day Care
Childproofing;Childproofing
Chilean;Chilean
Chimney Cakes;Chimney Cakes
Chimney Sweeps;Chimney Sweeps
Chinese Bazaar;Chinese Bazaar
Chiropractors;Chiropractors
Choirs;Choirs
Churches;Churches
Churros;Churros
Cideries;Cideries
Civic Center;Civic Center
Climbing;Climbing
Clock Repair;Clock Repair
Clowns;Clowns
Club Crawl;Club Crawl
Coffee & Tea;Coffee & Tea
Coffee Roasteries;Coffee Roasteries
Coffeeshops;Coffeeshops
Coffee & Tea Supplies;Coffee & Tea Supplies
College Counseling;College Counseling
Colleges & Universities;Colleges & Universities
Latin American;Latin American
Colonics;Colonics
Comedy Clubs;Comedy Clubs
Comfort Food;Comfort Food
Commissioned Artists;Commissioned Artists
Community Book Box;Community Book Box
Community Centers;Community Centers
Community Gardens;Community Gardens
Computers;Computers
Concept Shops;Concept Shops
Concierge Medicine;Concierge Medicine
Contractors;Contractors
Convenience Stores;Convenience Stores
Printing Services;Printing Services
Corsican;Corsican
Dentists;Dentists
Cosmetics & Beauty Supply;Cosmetics & Beauty Supply
Countertop Installation;Countertop Installation
Country Clubs;Country Clubs
Country Dance Halls;Country Dance Halls
Couriers & Delivery Services;Couriers & Delivery Services
Courthouses;Courthouses
Legal Services;Legal Services
Crane Services;Crane Services
Funeral Services & Cemeteries;Funeral Services & Cemeteries
Creperies;Creperies
Crisis Pregnancy Centers;Crisis Pregnancy Centers
Cryotherapy;Cryotherapy
Cuban;Cuban
Cultural Center;Cultural Center
Cupcakes;Cupcakes
Currency Exchange;Currency Exchange
Curry Sausage;Curry Sausage
Custom Cakes;Custom Cakes
Customized Merchandise;Customized Merchandise
Customs Brokers;Customs Brokers
Cypriot;Cypriot
Czech;Czech
Czech/Slovakian;Czech/Slovakian
Dance Clubs;Dance Clubs
Dance Restaurants;Dance Restaurants
Danish;Danish
Dart Arenas;Dart Arenas
IT Services & Computer Repair;IT Services & Computer Repair
Debt Relief Services;Debt Relief Services
Decks & Railing;Decks & Railing
Delicatessen;Delicatessen
Delis;Delis
Dental Hygienists;Dental Hygienists
Departments of Motor Vehicles;Departments of Motor Vehicles
Department Stores;Department Stores
Desserts;Desserts
Diagnostic Services;Diagnostic Services
Dialysis Clinics;Dialysis Clinics
Diamond Buyers;Diamond Buyers
Dietitians;Dietitians
Digitizing Services;Digitizing Services
Diners;Diners
Dinner Theater;Dinner Theater
Disc Golf;Disc Golf
Discount Store;Discount Store
Distilleries;Distilleries
Diving;Diving
Do-It-Yourself Food;Do-It-Yourself Food
DJs;DJs
Parks;Parks
Donairs;Donairs
Donation Center;Donation Center
Donuts;Donuts
Door Sales/Installation;Door Sales/Installation
Doulas;Doulas
Cinema;Cinema
Drones;Drones
Drugstores;Drugstores
Laundry Services;Laundry Services
Dumplings;Dumplings
Duty-Free Shops;Duty-Free Shops
Eastern European;Eastern European
Mexican;Mexican
Eatertainment;Eatertainment
Editorial Services;Editorial Services
Educational Services;Educational Services
Middle Eastern;Middle Eastern
Electricians;Electricians
Utilities;Utilities
Electronics;Electronics
Electronics Repair;Electronics Repair
Elementary Schools;Elementary Schools
Elevator Services;Elevator Services
Parent Cafes;Parent Cafes
Embassy;Embassy
Emergency Rooms;Emergency Rooms
Empanadas;Empanadas
Employment Agencies;Employment Agencies
Engraving;Engraving
Environmental Abatement;Environmental Abatement
Environmental Testing;Environmental Testing
Eritrean;Eritrean
Erotic Massage;Erotic Massage
Escape Games;Escape Games
Skin Care;Skin Care
Ethical Grocery;Ethical Grocery
Ethiopian;Ethiopian
EV Charging Stations;EV Charging Stations
Party & Event Planning;Party & Event Planning
Excavation Services;Excavation Services
Experiences;Experiences
Eyebrow Services;Eyebrow Services
Eyelash Service;Eyelash Service
Face Painting;Face Painting
Mediterranean;Mediterranean
Farm Equipment Repair;Farm Equipment Repair
Farmers Market;Farmers Market
Farming Equipment;Farming Equipment
Fasil Music;Fasil Music
Fences & Gates;Fences & Gates
Fencing Clubs;Fencing Clubs
Feng Shui;Feng Shui
Festivals;Festivals
Filipino;Filipino
Financial Advising;Financial Advising
Fingerprinting;Fingerprinting
Fire Departments;Fire Departments
Fireplace Services;Fireplace Services
Fire Protection Services;Fire Protection Services
Firewood;Firewood
Fireworks;Fireworks
Fischbroetchen;Fischbroetchen
Fishing;Fishing
Fishmonger;Fishmonger
Fish & Chips;Fish & Chips
Fitness/Exercise Equipment;Fitness/Exercise Equipment
Flatbread;Flatbread
Flea Markets;Flea Markets
Float Spa;Float Spa
Flooring;Flooring
Floral Designers;Floral Designers
Flowers & Gifts;Flowers & Gifts
Flyboarding;Flyboarding
Fondue;Fondue
Food Court;Food Court
Community Service/Non-Profit;Community Service/Non-Profit
Food Delivery Services;Food Delivery Services
Food Stands;Food Stands
Food Trucks;Food Trucks
Soccer;Soccer
Foot Care;Foot Care
Forestry;Forestry
Foundation Repair;Foundation Repair
Freiduria;Freiduria
Friterie;Friterie
Fuel Docks;Fuel Docks
Furniture Assembly;Furniture Assembly
Furniture Repair;Furniture Repair
Galician;Galician
Art Galleries;Art Galleries
Game Meat;Game Meat
Garage Door Services;Garage Door Services
Gardeners;Gardeners
Botanical Gardens;Botanical Gardens
Gastropubs;Gastropubs
Gelato;Gelato
Gemstones & Minerals;Gemstones & Minerals
Georgian;Georgian
Gestorias;Gestorias
Giblets;Giblets
Glass & Mirrors;Glass & Mirrors
Gliding;Gliding
Mulled Wine;Mulled Wine
Gluten-Free;Gluten-Free
Go Karts;Go Karts
Gold Buyers;Gold Buyers
Golf;Golf
Golf Cart Dealers;Golf Cart Dealers
Graphic Design;Graphic Design
Greek;Greek
Grill Services;Grill Services
Grocery;Grocery
Guamanian;Guamanian
Guest Houses;Guest Houses
Musical Instrument Services;Musical Instrument Services
Gun/Rifle Ranges;Gun/Rifle Ranges
Guns & Ammo;Guns & Ammo
Gunsmith;Gunsmith
Gutter Services;Gutter Services
Gymnastics;Gymnastics
Habilitative Services;Habilitative Services
Hair Extensions;Hair Extensions
Hair Loss Centers;Hair Loss Centers
Hair Removal;Hair Removal
Halal;Halal
Halfway Houses;Halfway Houses
Halotherapy;Halotherapy
Handball;Handball
Handyman;Handyman
Hang Gliding;Hang Gliding
Haunted Houses;Haunted Houses
Hawaiian;Hawaiian
Hawker Centre;Hawker Centre
Hazardous Waste Disposal;Hazardous Waste Disposal
Head Shops;Head Shops
Health Coach;Health Coach
Health Insurance Offices;Health Insurance Offices
Health Retreats;Health Retreats
Hearing Aids;Hearing Aids
Hearing Aid Providers;Hearing Aid Providers
Henna Artists;Henna Artists
Herbal Shops;Herbal Shops
Heuriger;Heuriger
High Fidelity Audio Equipment;High Fidelity Audio Equipment
Middle Schools & High Schools;Middle Schools & High Schools
Hiking;Hiking
Himalayan/Nepalese;Himalayan/Nepalese
Hindu Temples;Hindu Temples
Hong Kong Style Cafe;Hong Kong Style Cafe
Hobby Shops;Hobby Shops
Home Inspectors;Home Inspectors
Home Organization;Home Organization
Appliances & Repair;Appliances & Repair
Home Automation;Home Automation
Home Cleaning;Home Cleaning
Home Health Care;Home Health Care
Honduran;Honduran
Honey;Honey
Horse Boarding;Horse Boarding
Horseback Riding;Horseback Riding
Horse Equipment Shops;Horse Equipment Shops
Horse Racing;Horse Racing
Hospice;Hospice
Hospitals;Hospitals
Hostels;Hostels
Hot Dogs;Hot Dogs
Fast Food;Fast Food
Hot Pot;Hot Pot
Hot Springs;Hot Springs
House Sitters;House Sitters
Hungarian;Hungarian
Hybrid Car Repair;Hybrid Car Repair
Hydro-jetting;Hydro-jetting
Hydrotherapy;Hydrotherapy
Hypnosis/Hypnotherapy;Hypnosis/Hypnotherapy
Iberian;Iberian
Ice Cream & Frozen Yogurt;Ice Cream & Frozen Yogurt
Ice Delivery;Ice Delivery
Imported Food;Imported Food
Indonesian;Indonesian
Indoor Playcentre;Indoor Playcentre
Indoor Landscaping;Indoor Landscaping
Indian;Indian
Installment Loans;Installment Loans
Insulation Installation;Insulation Installation
Interior Design;Interior Design
Internet Booths & Calling Centers;Internet Booths & Calling Centers
Internet Cafes;Internet Cafes
International Grocery;International Grocery
Investing;Investing
Irish;Irish
Irrigation;Irrigation
Island Pub;Island Pub
Internet Service Providers;Internet Service Providers
Israeli;Israeli
IV Hydration;IV Hydration
Jails & Prisons;Jails & Prisons
Jazz & Blues;Jazz & Blues
Jet Skis;Jet Skis
Jewelry;Jewelry
Jewelry Repair;Jewelry Repair
Jewish;Jewish
Japanese Sweets;Japanese Sweets
Juice Bars & Smoothies;Juice Bars & Smoothies
Junkyards;Junkyards
Karaoke;Karaoke
Kebab;Kebab
Kids Activities;Kids Activities
Kiosk;Kiosk
Kiteboarding;Kiteboarding
Knitting Supplies;Knitting Supplies
Kombucha;Kombucha
Kopitiam;Kopitiam
Korean;Korean
Kosher;Kosher
Kurdish;Kurdish
Lactation Services;Lactation Services
Lakes;Lakes
Landmarks & Historical Buildings;Landmarks & Historical Buildings
Landscape Architects;Landscape Architects
Landscaping;Landscaping
Laos;Laos
Laotian;Laotian
Laser Eye Surgery/Lasik;Laser Eye Surgery/Lasik
Laser Tag;Laser Tag
Lawn Bowling;Lawn Bowling
Libraries;Libraries
Life Coach;Life Coach
Keys & Locksmiths;Keys & Locksmiths
Luggage;Luggage
Travel Services;Travel Services
Lyonnais;Lyonnais
Machine & Tool Rental;Machine & Tool Rental
Machine Shops;Machine Shops
Magicians;Magicians
Mah Jong Halls;Mah Jong Halls
Mailbox Centers;Mailbox Centers
Makerspaces;Makerspaces
Makeup Artists;Makeup Artists
Malaysian;Malaysian
Marching Bands;Marching Bands
Marinas;Marinas
Marketing;Marketing
Market Stalls;Market Stalls
Masonry/Concrete;Masonry/Concrete
Massage;Massage
Massage Therapy;Massage Therapy
Matchmakers;Matchmakers
Meaderies;Meaderies
Meatballs;Meatballs
Mediators;Mediators
Medical Foot Care;Medical Foot Care
Medical Supplies;Medical Supplies
Medical Transportation;Medical Transportation
Memory Care;Memory Care
Midwives;Midwives
Military Surplus;Military Surplus
Milk Bars;Milk Bars
Milkshake Bars;Milkshake Bars
Mini Golf;Mini Golf
Misting System Services;Misting System Services
Mobile Home Repair;Mobile Home Repair
Mobile Phones;Mobile Phones
Mobility Equipment Sales & Services;Mobility Equipment Sales & Services
Modern Australian;Modern Australian
Modern European;Modern European
Mohels;Mohels
Mongolian;Mongolian
Montessori Schools;Montessori Schools
Moroccan;Moroccan
Mortgage Lenders;Mortgage Lenders
Mosques;Mosques
Motorsport Vehicle Dealers;Motorsport Vehicle Dealers
Motorcycle Dealers;Motorcycle Dealers
Motorcycle Repair;Motorcycle Repair
Motorcycle Gear;Motorcycle Gear
Motorsport Vehicle Repairs;Motorsport Vehicle Repairs
Mountain Biking;Mountain Biking
Movers;Movers
Municipality;Municipality
Musical Instruments & Teachers;Musical Instruments & Teachers
Musicians;Musicians
Music Production Services;Music Production Services
Music Venues;Music Venues
Nail Salons;Nail Salons
Nanny Services;Nanny Services
Nasi Lemak;Nasi Lemak
American (New);American (New)
Canadian (New);Canadian (New)
New Mexican Cuisine;New Mexican Cuisine
New Zealand;New Zealand
Nicaraguan;Nicaraguan
Night Food;Night Food
Nikkei;Nikkei
Noodles;Noodles
Norcinerie;Norcinerie
Traditional Norwegian;Traditional Norwegian
Notaries;Notaries
Nudist;Nudist
Nurse Practitioner;Nurse Practitioner
Nutritionists;Nutritionists
Observatories;Observatories
Occupational Therapy;Occupational Therapy
Officiants;Officiants
Open Sandwiches;Open Sandwiches
Opera & Ballet;Opera & Ballet
Eyewear & Opticians;Eyewear & Opticians
Optometrists;Optometrists
Organic Stores;Organic Stores
Oriental;Oriental
Orthotics;Orthotics
Outdoor Power Equipment Services;Outdoor Power Equipment Services
Outlet Stores;Outlet Stores
Oxygen Bars;Oxygen Bars
Pachinko;Pachinko
Packing Services;Packing Services
Paddleboarding;Paddleboarding
Paint & Sip;Paint & Sip
Paintball;Paintball
Painters;Painters
Pakistani;Pakistani
Pan Asian;Pan Asian
Panzerotti;Panzerotti
Parking;Parking
Parklets;Parklets
Parma;Parma
Party Bus Rentals;Party Bus Rentals
Party Characters;Party Characters
Party Supplies;Party Supplies
Patent Law;Patent Law
Patio Coverings;Patio Coverings
Pawn Shops;Pawn Shops
Check Cashing/Pay-day Loans;Check Cashing/Pay-day Loans
Payroll Services;Payroll Services
Perfume;Perfume
Permanent Makeup;Permanent Makeup
Persian/Iranian;Persian/Iranian
Personal Shopping;Personal Shopping
Personal Assistants;Personal Assistants
Personal Care Services;Personal Care Services
Personal Chefs;Personal Chefs
Peruvian;Peruvian
Pest Control;Pest Control
Pet Adoption;Pet Adoption
Zoos;Zoos
PF/Comercial;PF/Comercial
Pharmacy;Pharmacy
Photography Stores & Services;Photography Stores & Services
Physical Therapy;Physical Therapy
Piadina;Piadina
Piano Bars;Piano Bars
Pickleball;Pickleball
Piercing;Piercing
Polish;Polish
Pita;Pita
Pizza;Pizza
Placenta Encapsulations;Placenta Encapsulations
Planetarium;Planetarium
Playgrounds;Playgrounds
Poke;Poke
Police Departments;Police Departments
Polynesian;Polynesian
Pool & Billiards;Pool & Billiards
Pool Cleaners;Pool Cleaners
Pool Halls;Pool Halls
Pool & Hot Tub Service;Pool & Hot Tub Service
Pop-Up Restaurants;Pop-Up Restaurants
Pop-up Shops;Pop-up Shops
Portable Toilet Services;Portable Toilet Services
Post Offices;Post Offices
Postpartum Care;Postpartum Care
Potatoes;Potatoes
Poutineries;Poutineries
Powder Coating;Powder Coating
Prenatal/Perinatal Care;Prenatal/Perinatal Care
Preschools;Preschools
Pressure Washers;Pressure Washers
Pretzels;Pretzels
Private Investigation;Private Investigation
Private Schools;Private Schools
Private Tutors;Private Tutors
Product Design;Product Design
Props;Props
Psychotechnical Tests;Psychotechnical Tests
Pub Food;Pub Food
Public Art;Public Art
Public Markets;Public Markets
Public Plazas;Public Plazas
Public Relations;Public Relations
Races & Competitions;Races & Competitions
Race Tracks;Race Tracks
Racing Experience;Racing Experience
Radio Stations;Radio Stations
Rafting/Kayaking;Rafting/Kayaking
Live/Raw Food;Live/Raw Food
Record Labels;Record Labels
Recording & Rehearsal Studios;Recording & Rehearsal Studios
Recreation Centers;Recreation Centers
Recycling Center;Recycling Center
Refinishing Services;Refinishing Services
Reflexology;Reflexology
Registry Office;Registry Office
Rehabilitation Center;Rehabilitation Center
Reiki;Reiki
Religious Items;Religious Items
Religious Schools;Religious Schools
Reproductive Health Services;Reproductive Health Services
Resorts;Resorts
Retirement Homes;Retirement Homes
Furniture Reupholstery;Furniture Reupholstery
Rice;Rice
Rock Climbing;Rock Climbing
Rodeo;Rodeo
Romanian;Romanian
Roofing;Roofing
Roof Inspectors;Roof Inspectors
Rotisserie Chicken;Rotisserie Chicken
Russian;Russian
RV Dealers;RV Dealers
RV Parks;RV Parks
Safe Stores;Safe Stores
Safety Equipment;Safety Equipment
Sailing;Sailing
Salad;Salad
Salumerie;Salumerie
Sandblasting;Sandblasting
Sandwiches;Sandwiches
Sauna Installation & Repair;Sauna Installation & Repair
Saunas;Saunas
Scandinavian;Scandinavian
Scandinavian Design;Scandinavian Design
Scavenger Hunts;Scavenger Hunts
Schnitzel;Schnitzel
Scottish;Scottish
Screen Printing/T-Shirt Printing;Screen Printing/T-Shirt Printing
Screen Printing;Screen Printing
Seafood;Seafood
Security Services;Security Services
Security Systems;Security Systems
Self Storage;Self Storage
Senior Centers;Senior Centers
Septic Services;Septic Services
Serbo Croatian;Serbo Croatian
Gas Stations;Gas Stations
Sewing & Alterations;Sewing & Alterations
Shaved Ice;Shaved Ice
Shaved Snow;Shaved Snow
Shipping Centers;Shipping Centers
Shoe Repair;Shoe Repair
Shoe Shine;Shoe Shine
Shopping Centers;Shopping Centers
Shopping Passages;Shopping Passages
Shrines;Shrines
Shutters;Shutters
Signature Cuisine;Signature Cuisine
Signmaking;Signmaking
Sikh Temples;Sikh Temples
Silent Disco;Silent Disco
Singaporean;Singaporean
Skating Rinks;Skating Rinks
Skiing;Skiing
Skilled Nursing;Skilled Nursing
Ski Resorts;Ski Resorts
Skydiving;Skydiving
Sledding;Sledding
Sleep Specialists;Sleep Specialists
Slovakian;Slovakian
Smog Check Stations;Smog Check Stations
Smokehouse;Smokehouse
Smoking Areas;Smoking Areas
Snorkeling;Snorkeling
Snow Removal;Snow Removal
Snuggle Services;Snuggle Services
Social Clubs;Social Clubs
Software Development;Software Development
Solar Installation;Solar Installation
Solar Panel Cleaning;Solar Panel Cleaning
Somali;Somali
Sommelier Services;Sommelier Services
Soul Food;Soul Food
Soup;Soup
Southern;Southern
Souvenir Shops;Souvenir Shops
Day Spas;Day Spas
Special Education;Special Education
Speech Therapists;Speech Therapists
Sperm Clinic;Sperm Clinic
Spiritism;Spiritism
Spiritual Shop;Spiritual Shop
Sports Clubs;Sports Clubs
Sports Betting;Sports Betting
Professional Sports Teams;Professional Sports Teams
Tanning;Tanning
Squash;Squash
Sri Lankan;Sri Lankan
Stadiums & Arenas;Stadiums & Arenas
Steakhouses;Steakhouses
Stonemasons;Stonemasons
Street Art;Street Art
Street Vendors;Street Vendors
Structural Engineers;Structural Engineers
Studio Taping;Studio Taping
French Southwest;French Southwest
Sugar Shacks;Sugar Shacks
Summer Camps;Summer Camps
Supper Clubs;Supper Clubs
Wholesalers;Wholesalers
Surfing;Surfing
Sushi Bars;Sushi Bars
Swabian;Swabian
Swedish;Swedish
Swimming Pools;Swimming Pools
Swiss Food;Swiss Food
Synagogues;Synagogues
Syrian;Syrian
Tabernas;Tabernas
Tablao Flamenco;Tablao Flamenco
Tabletop Games;Tabletop Games
Taiwanese;Taiwanese
Talent Agencies;Talent Agencies
Taoist Temples;Taoist Temples
Tapas Bars;Tapas Bars
Tapas/Small Plates;Tapas/Small Plates
Tattoo;Tattoo
Tavola Calda;Tavola Calda
Taxidermy;Taxidermy
Tax Office;Tax Office
Tax Services;Tax Services
Traditional Chinese Medicine;Traditional Chinese Medicine
Tea Rooms;Tea Rooms
Team Building Activities;Team Building Activities
Teeth Whitening;Teeth Whitening
Television Stations;Television Stations
Tenant and Eviction Law;Tenant and Eviction Law
Tennis;Tennis
Test Preparation;Test Preparation
Tex-Mex;Tex-Mex
Thai;Thai
Performing Arts;Performing Arts
Thrift Stores;Thrift Stores
Tickets;Tickets
Ticket Sales;Ticket Sales
Tobacco Shops;Tobacco Shops
Torshi;Torshi
Tortillas;Tortillas
Towing;Towing
Town Hall;Town Hall
Toy Stores;Toy Stores
American (Traditional);American (Traditional)
Traditional Swedish;Traditional Swedish
Trailer Dealers;Trailer Dealers
Train Stations;Train Stations
Trampoline Parks;Trampoline Parks
Translation Services;Translation Services
Transmission Repair;Transmission Repair
Trattorie;Trattorie
Tree Services;Tree Services
Trivia Hosts;Trivia Hosts
Tubing;Tubing
Tutoring Centers;Tutoring Centers
TV Mounting;TV Mounting
Ukrainian;Ukrainian
Ultrasound Imaging Centers;Ultrasound Imaging Centers
Urgent Care;Urgent Care
Used Bookstore;Used Bookstore
Used Car Dealers;Used Car Dealers
Uzbek;Uzbek
Vacation Rentals;Vacation Rentals
Valet Services;Valet Services
Vape Shops;Vape Shops
Vegan;Vegan
Vegetarian;Vegetarian
Venison;Venison
Venues & Event Spaces;Venues & Event Spaces
Veterinarians;Veterinarians
Video/Film Production;Video/Film Production
Vietnamese;Vietnamese
Siding;Siding
Virtual Reality Centers;Virtual Reality Centers
Vitamins & Supplements;Vitamins & Supplements
Volleyball;Volleyball
Waffles;Waffles
Waldorf Schools;Waldorf Schools
Wallpapering;Wallpapering
Watches;Watches
Water Parks;Water Parks
Waterproofing;Waterproofing
Water Purification Services;Water Purification Services
Water Stores;Water Stores
Web Design;Web Design
Wedding Planning;Wedding Planning
Wedding Chapels;Wedding Chapels
Weight Loss Centers;Weight Loss Centers
Well Drilling;Well Drilling
Wheel & Rim Repair;Wheel & Rim Repair
Wholesale Stores;Wholesale Stores
Wigs;Wigs
Wildlife Control;Wildlife Control
Wildlife Hunting Ranges;Wildlife Hunting Ranges
Windows Installation;Windows Installation
Window Washing;Window Washing
Wineries;Wineries
Wok;Wok
Wraps;Wraps
Youth Club;Youth Club
Yugoslav;Yugoslav
Zapiekanka;Zapiekanka
Ziplining;Ziplining
Zorbing;Zorbing
